Bookname,bookprice
Ncert Solutions Chemistry Class 11th (English-Paperback-Sharma Purnima M.A. B.Ed.),₹ 225
Champions of Science,₹ 105
Necropolis,₹ 140
A hearo born,₹ 320
Krav Maga For Beginners: A Step-by-Step Guide To The World's Easiest-to-Learn-Most-Effective Fitness And Fighting Program,₹ 674
Fabric of the Cosmos,₹ 647
Hidden Reality,₹ 501,
Cosmo and the Secret Spell,₹ 115,
Rocket Rider,₹ 107,
Amazing Story of Adolphus Tips,₹ 130,
Mia and the Too Big Tutu,₹ 189,
Little Bears Friend,₹ 189,
Fine Feathered Friends,₹ 263,
Alices Adventures in Wonderland (Puffin Classics),₹ 180,
Barkbelly,₹ 115,
Life Before Man,₹ 180,

